<?xml version="1.0" encoding="UTF-8"?>
<project-private xmlns="http://www.netbeans.org/ns/project-private/1">
    <editor-bookmarks xmlns="http://www.netbeans.org/ns/editor-bookmarks/2" lastBookmarkId="0"/>
    <open-files xmlns="http://www.netbeans.org/ns/projectui-open-files/2">
        <group>
            <file>file:/C:/wamp64/www/ONLINE/includes/header.inc.php</file>
            <file>file:/C:/wamp64/www/ONLINE/settings/init.inc.php</file>
            <file>file:/C:/wamp64/www/ONLINE/article.php</file>
            <file>file:/C:/wamp64/www/ONLINE/includes/connexion.inc.php</file>
            <file>file:/C:/wamp64/www/ONLINE/libs/debug.tpl</file>
            <file>file:/C:/wamp64/www/ONLINE/includes/menu.inc.php</file>
            <file>file:/C:/wamp64/www/ONLINE/includes/footer.inc.php</file>
            <file>file:/C:/wamp64/www/ONLINE/templates/connexion.tpl</file>
            <file>file:/C:/wamp64/www/ONLINE/templates/article.tpl</file>
            <file>file:/C:/wamp64/www/ONLINE/settings/bdd.inc.php</file>
            <file>file:/C:/wamp64/www/ONLINE/connexion.php</file>
            <file>file:/C:/wamp64/www/ONLINE/templates/smartytest.tpl</file>
        </group>
    </open-files>
</project-private>
